,one,two,three
0,-0.24400161554327546,-1.1872256670122123,-1.0477123854131944
1,0.1256653930839518,0.5960588789478449,-0.11035129157511421
2,0.734959869577423,-0.43680480381514863,1.9629799406745156
3,0.6694663760283348,-1.325118252808874,-1.1213998003727763
